"TOA5","CR300Series","CR300","11562","CR310.Std.10.04","CPU:RaZON_CR310_Rochester.CR300","62320","DataOut"
"TIMESTAMP","RECORD","RZ_Global_Irr","RZ_Direct_Irr","RZ_Diffuse_Irr","RZ_Pyrano_Temp_C","RZ_Pyrhelio_Temp_C","RZ_PRESS","RZ_Zenith_Ang","RZ_Azimuth_Ang","RZ_STAT","RZ_HHMM","Batt_V","Panel_T"
"TS","RN","W/m²","W/m²","W/m²","Deg C","Deg C","","Degrees","Degrees","","","",""
"","","Smp","Smp","Smp","Smp","Smp","Smp","Smp","Smp","Smp","Smp","Smp","Smp"
"2021-07-12 21:05:00",2,148.3,0,148.3,25.9,24.3,1014,117.8642,262.6575,0,0,13.51,26.32
"2021-07-12 21:06:00",3,181.9,28.4,181.9,25.9,24.3,1014,118.0516,262.8085,0,0,13.52,26.24
"2021-07-12 21:07:00",4,0.1,269.1,0.1,25.9,24.6,1014,118.239,262.9597,0,0,13.52,26.07
"2021-07-12 21:08:00",5,0,0,0,25.9,24.6,1014,118.4265,263.111,0,0,13.51,25.91
"2021-07-12 21:09:00",6,0,0,0,25.9,24.5,1014,118.614,263.2625,0,0,13.51,26.17
"2021-07-12 21:10:00",7,0,0,0,25.8,24.4,1014,118.8016,263.4142,0,0,13.58,26.14
"2021-07-12 21:11:00",8,0,0,0,25.8,24.4,1014,118.9893,263.566,0,0,13.58,26.02
"2021-07-12 21:12:00",9,0,0,0,25.8,24.3,1014,119.177,263.7181,0,0,13.72,25.86
"2021-07-12 21:13:00",10,0,0,0,25.7,24.3,1014,119.3647,263.8703,0,0,13.6,25.97
"2021-07-12 21:14:00",11,0,0,0,25.6,24.2,1014,119.5525,264.0227,0,0,13.69,25.89
"2021-07-12 21:15:00",12,0,0,0,25.6,24.1,1014,119.7404,264.1753,0,0,13.51,25.9
"2021-07-12 21:16:00",13,0,0,0,25.5,24.1,1014,119.9283,264.3282,0,0,13.54,25.85
"2021-07-12 21:17:00",14,0,0,0,25.5,24,1014,120.1163,264.4812,0,0,13.54,25.73
"2021-07-12 21:18:00",15,0,0,0,25.4,24,1014,120.3043,264.6345,0,0,13.55,25.8
"2021-07-12 21:19:00",16,0,0,0,25.3,23.9,1014,120.4924,264.7879,0,0,13.55,25.72
"2021-07-12 21:20:00",17,0,0,0,25.2,23.8,1014,99.4692,310.0035,0,0,13.65,25.68
"2021-07-12 21:21:00",18,0,0,0,25.2,23.7,1014,99.6139,310.1876,0,0,13.7,25.64
"2021-07-12 21:22:00",19,0,0,0,25.2,23.7,1014,99.7581,310.372,0,0,13.69,25.65
"2021-07-12 21:23:00",20,0,0,0,25.2,23.7,1014,99.9019,310.5569,0,0,13.52,25.63
"2021-07-12 21:24:00",21,0,0,0,25.2,23.7,1014,100.0454,310.7421,0,0,13.7,25.46
"2021-07-12 21:25:00",22,0,0,0,25.3,23.7,1014,100.1884,310.9278,0,0,13.53,25.57
"2021-07-12 21:26:00",23,0,0,0,25.3,23.7,1014,100.331,311.1138,0,0,13.7,25.68
"2021-07-12 21:27:00",24,0,0,0,25.3,23.7,1014,100.4733,311.3003,0,0,13.52,25.72
"2021-07-12 21:28:00",25,0,0,0,25.4,23.7,1014,100.6151,311.4871,0,0,13.66,25.55
"2021-07-12 21:29:00",26,0,0,0,25.4,23.7,1014,100.7565,311.6744,0,0,13.69,25.78
"2021-07-12 21:30:00",27,0,0,0,25.5,23.8,1014,100.8975,311.862,0,0,13.5,25.69
"2021-07-12 21:31:00",28,0,0,0,25.5,23.8,1014,101.0381,312.0501,0,0,13.66,25.71
"2021-07-12 21:32:00",29,0,0,0,25.6,23.8,1014,101.1783,312.2386,0,0,13.51,25.89
"2021-07-12 21:33:00",30,0,0,0,25.6,23.8,1014,101.3181,312.4275,0,0,13.7,25.97
"2021-07-12 21:34:00",31,0,0,0,25.7,23.8,1014,101.4574,312.6168,0,0,13.53,25.98
"2021-07-12 21:35:00",32,0,0,0,25.7,23.9,1014,101.5963,312.8066,0,0,13.64,26.06
"2021-07-12 21:36:00",33,0,0,0,25.7,23.9,1014,101.7348,312.9967,0,0,13.7,25.88
"2021-07-12 21:37:00",34,0,0,0,25.8,23.9,1014,101.8729,313.1873,0,0,13.53,26.01
"2021-07-12 21:38:00",35,0,0,0,25.8,23.9,1014,102.0105,313.3783,0,0,13.6,26.01
"2021-07-12 21:39:00",36,0,0,0,25.8,23.9,1014,102.1477,313.5697,0,0,13.65,26.19
"2021-07-12 21:40:00",37,0,0,0,25.9,24,1014,102.2845,313.7616,0,0,13.69,25.99
"2021-07-12 21:41:00",38,0,0,0,25.9,24,1014,102.4208,313.9538,0,0,13.69,26.13
"2021-07-12 21:42:00",39,0,0,0,25.9,24,1014,102.5567,314.1465,0,0,13.54,26.15
"2021-07-12 21:43:00",40,0,0,0,25.9,24,1014,102.6919,314.3402,0,0,13.71,26.31
"2021-07-12 21:44:00",41,0,0,0,26,24,1014,102.8269,314.5337,0,0,13.7,26.38
"2021-07-12 21:45:00",42,0,0,0,26,24,1014,102.9614,314.7277,0,0,13.52,26.4
"2021-07-12 21:46:00",43,0,0,0,26,24.1,1014,103.0955,314.9221,0,0,13.63,26.44
"2021-07-12 21:47:00",44,0,0,0,26,24.1,1014,103.2291,315.117,0,0,13.6,26.48
"2021-07-12 21:48:00",45,0,0,0,26,24.1,1014,103.3623,315.3123,0,0,13.52,26.39
"2021-07-12 21:49:00",46,0,0,0,26.1,24.1,1014,103.4951,315.508,0,0,13.55,26.38
"2021-07-12 21:50:00",47,0,0,0,26.1,24.1,1014,103.6273,315.7042,0,0,13.69,26.49
"2021-07-12 21:51:00",48,0,0,0,26.1,24.1,1014,103.7591,315.9008,0,0,13.68,26.4
"2021-07-12 21:52:00",49,0,0,0,26.1,24.1,1014,103.8905,316.0979,0,0,13.7,26.64
"2021-07-12 21:53:00",50,0,0,0,26.1,24.2,1014,104.0214,316.2953,0,0,13.51,26.59
"2021-07-12 21:54:00",51,0,0,0,26.1,24.2,1014,104.1518,316.4933,0,0,13.67,26.7
"2021-07-12 21:55:00",52,0,0,0,26.2,24.2,1014,104.2817,316.6917,0,0,13.71,26.75
"2021-07-12 21:56:00",53,0,0,0,26.2,24.2,1014,104.4111,316.8905,0,0,13.5,26.55
"2021-07-12 21:57:00",54,0,0,0,26.2,24.2,1014,104.5401,317.0898,0,0,13.69,26.59
"2021-07-12 21:58:00",55,0,0,0,26.2,24.2,1014,104.6686,317.2895,0,0,13.51,26.81
"2021-07-12 21:59:00",56,0,0,0,26.2,24.2,1014,104.7966,317.4897,0,0,13.52,26.62
"2021-07-12 22:00:00",57,0,0,0,26.2,24.3,1014,104.9241,317.6903,0,0,13.7,26.73
"2021-07-12 22:01:00",58,0,0,0,26.2,24.3,1014,105.0511,317.8913,0,0,13.61,26.74
"2021-07-12 22:02:00",59,0,0,0,26.3,24.3,1014,105.1777,318.0929,0,0,13.6,26.86
"2021-07-12 22:03:00",60,0,0,0,26.3,24.3,1014,105.3037,318.2949,0,0,13.64,26.82
"2021-07-12 22:04:00",61,0,0,0,26.3,24.3,1014,105.4293,318.4973,0,0,13.51,26.84
"2021-07-12 22:05:00",62,0,0,0,26.3,24.3,1014,105.5543,318.7002,0,0,13.54,26.95
"2021-07-12 22:06:00",63,0,0,0,26.3,24.3,1014,105.6788,318.9035,0,0,13.7,26.98
"2021-07-12 22:07:00",64,0,0,0,26.3,24.4,1014,105.8029,319.1073,0,0,13.68,26.91
"2021-07-12 22:08:00",65,0,0,0,26.3,24.4,1014,105.9264,319.3116,0,0,13.7,27.01
"2021-07-12 22:09:00",66,0,0,0,26.3,24.4,1014,106.0494,319.5163,0,0,13.55,26.94
"2021-07-12 22:10:00",67,0,0,0,26.4,24.4,1014,106.1719,319.7215,0,0,13.7,26.97
"2021-07-12 22:11:00",68,0,0,0,26.4,24.4,1014,106.2939,319.9271,0,0,13.52,26.94
"2021-07-12 22:12:00",69,0,0,0,26.4,24.4,1014,106.4154,320.1332,0,0,13.66,27.09
"2021-07-12 22:13:00",70,0,0,0,26.4,24.4,1014,106.5363,320.3398,0,0,13.54,27.03
"2021-07-12 22:14:00",71,0,0,0,26.4,24.4,1014,106.6567,320.5468,0,0,13.71,27.01
"2021-07-12 22:15:00",72,0,0,0,26.4,24.4,1014,106.7766,320.7543,0,0,13.68,27.01
"2021-07-12 22:16:00",73,0,0,0,26.4,24.5,1014,106.896,320.9623,0,0,13.71,26.87
"2021-07-12 22:17:00",74,0,0,0,26.4,24.5,1014,107.0148,321.1707,0,0,13.65,27.17
"2021-07-12 22:18:00",75,0,0,0,26.5,24.5,1014,107.1331,321.3796,0,0,13.66,26.87
"2021-07-12 22:19:00",76,0,0,0,26.5,24.5,1014,107.2508,321.5889,0,0,13.63,27.14
"2021-07-12 22:20:00",77,0,0,0,26.5,24.5,1014,107.3681,321.7987,0,0,13.7,27.17
"2021-07-12 22:21:00",78,0,0,0,26.5,24.5,1014,107.4847,322.009,0,0,13.7,27.23
"2021-07-12 22:22:00",79,0,0,0,26.5,24.5,1014,107.6008,322.2198,0,0,13.51,27.17
"2021-07-12 22:23:00",80,0,0,0,26.5,24.5,1014,107.7165,322.4301,0,0,13.63,27.25
"2021-07-12 22:24:00",81,0,0,0,26.5,24.5,1014,107.8316,322.6418,0,0,13.7,27.15
"2021-07-12 22:25:00",82,0,0,0,26.5,24.6,1014,107.946,322.8539,0,0,13.63,27.03
"2021-07-12 22:26:00",83,0,0,0,26.6,24.6,1014,108.0599,323.0666,0,0,13.56,27.21
"2021-07-12 22:27:00",84,0,0,0,26.6,24.6,1014,108.1733,323.2797,0,0,13.55,27.3
"2021-07-12 22:28:00",85,0,0,0,26.6,24.6,1014,108.2861,323.4932,0,0,13.68,27.32
"2021-07-12 22:29:00",86,0,0,0,26.6,24.6,1014,108.3983,323.7072,0,0,13.65,27.33
"2021-07-12 22:30:00",87,0,0,0,26.6,24.6,1014,108.5099,323.9217,0,0,13.64,27.34
"2021-07-12 22:31:00",88,0,0,0,26.6,24.6,1014,108.621,324.1367,0,0,13.68,27.37
"2021-07-12 22:32:00",89,0,0,0,26.6,24.6,1014,108.7315,324.3522,0,0,13.63,27.36
"2021-07-12 22:33:00",90,0,0,0,26.6,24.6,1014,108.8414,324.5681,0,0,13.67,27.38
"2021-07-12 22:34:00",91,0,0,0,26.6,24.6,1014,108.9507,324.7844,0,0,13.56,27.25
"2021-07-12 22:35:00",92,0,0,0,26.6,24.6,1014,109.0595,325.0013,0,0,13.6,27.39
"2021-07-12 22:36:00",93,0,0,0,26.6,24.7,1014,109.1677,325.2186,0,0,13.68,27.26
"2021-07-12 22:37:00",94,0,0,0,26.6,24.7,1014,109.2753,325.4364,0,0,13.6,27.42
"2021-07-12 22:38:00",95,0,0,0,26.7,24.7,1014,109.3822,325.6547,0,0,13.5,27.41
"2021-07-12 22:39:00",96,0,0,0,26.7,24.7,1014,109.4886,325.8734,0,0,13.51,27.43
"2021-07-12 22:40:00",97,0,0,0,26.7,24.7,1014,109.5942,326.0915,0,0,13.62,27.37
"2021-07-12 22:41:00",98,0,0,0,26.7,24.7,1014,109.6995,326.3122,0,0,13.67,27.36
"2021-07-12 22:42:00",99,0,0,0,26.7,24.7,1014,109.8041,326.5323,0,0,13.47,27.46
"2021-07-12 22:43:00",100,0,0,0,26.7,24.7,1014,109.9081,326.7529,0,0,13.48,27.46
"2021-07-12 22:44:00",101,0,0,0,26.7,24.7,1014,110.0115,326.974,0,0,13.67,27.44
"2021-07-12 22:45:00",102,0,0,0,26.7,24.7,1014,110.1143,327.1956,0,0,13.48,27.35
"2021-07-12 22:46:00",103,0,0,0,26.7,24.7,1014,110.2164,327.4176,0,0,13.49,27.49
"2021-07-12 22:47:00",104,0,0,0,26.7,24.7,1014,110.3179,327.64,0,0,13.47,27.39
"2021-07-12 22:48:00",105,0,0,0,26.7,24.7,1014,110.4189,327.863,0,0,13.54,27.44
"2021-07-12 22:49:00",106,0,0,0,26.7,24.7,1014,110.5191,328.0864,0,0,13.57,27.52
"2021-07-12 22:50:00",107,0,0,0,26.7,24.8,1014,110.6188,328.3103,0,0,13.57,27.45
"2021-07-12 22:51:00",108,0,0,0,26.7,24.8,1014,110.7178,328.5346,0,0,13.6,27.5
"2021-07-12 22:52:00",109,0,0,0,26.7,24.8,1014,110.8163,328.7594,0,0,13.69,27.43
"2021-07-12 22:53:00",110,0,0,0,26.7,24.8,1014,110.914,328.9847,0,0,13.47,27.56
"2021-07-12 22:54:00",111,0,0,0,26.7,24.8,1014,111.0112,329.2104,0,0,13.68,27.45
"2021-07-12 22:55:00",112,0,0,0,26.8,24.8,1014,111.1076,329.4366,0,0,13.48,27.56
"2021-07-12 22:56:00",113,0,0,0,26.8,24.8,1014,111.2035,329.6632,0,0,13.46,27.47
"2021-07-12 22:57:00",114,0,0,0,26.8,24.8,1014,111.2987,329.8903,0,0,13.52,27.52
"2021-07-12 22:58:00",115,0,0,0,26.8,24.8,1014,111.3933,330.1179,0,0,13.61,27.59
"2021-07-12 22:59:00",116,0,0,0,26.8,24.8,1014,111.4872,330.3459,0,0,13.48,27.59
"2021-07-12 23:00:00",117,0,0,0,26.8,24.8,1014,111.5804,330.5744,0,0,13.67,27.53
"2021-07-12 23:01:00",118,0,0,0,26.8,24.8,1014,111.673,330.8034,0,0,13.57,27.53
"2021-07-12 23:02:00",119,0,0,0,26.8,24.8,1014,111.7649,331.0328,0,0,13.67,27.52
"2021-07-12 23:03:00",120,0,0,0,26.8,24.8,1014,111.8562,331.2626,0,0,13.67,27.51
"2021-07-12 23:04:00",121,0,0,0,26.8,24.8,1014,111.9468,331.4929,0,0,13.67,27.48
"2021-07-12 23:05:00",122,0,0,0,26.8,24.9,1014,112.0368,331.7236,0,0,13.52,27.56
"2021-07-12 23:06:00",123,0,0,0,26.9,24.9,1014,112.126,331.9548,0,0,13.67,27.53
"2021-07-12 23:07:00",124,0,0,0,26.9,24.9,1014,112.2146,332.1865,0,0,13.68,27.56
"2021-07-12 23:08:00",125,0,0,0,26.9,24.9,1014,112.3025,332.4186,0,0,13.48,27.65
"2021-07-12 23:09:00",126,0,0,0,26.9,24.9,1014,112.3898,332.6511,0,0,13.51,27.66
"2021-07-12 23:10:00",127,0,0,0,26.9,24.9,1014,112.4763,332.8841,0,0,13.48,27.66
"2021-07-12 23:11:00",128,0,0,0,26.9,24.9,1014,112.5622,333.1175,0,0,13.47,27.58
"2021-07-12 23:12:00",129,0,0,0,26.9,24.9,1014,112.6474,333.3514,0,0,13.64,27.61
"2021-07-12 23:13:00",130,0,0,0,26.9,24.9,1014,112.7319,333.5857,0,0,13.49,27.74
"2021-07-12 23:14:00",131,0,0,0,26.9,24.9,1014,112.8157,333.8204,0,0,13.59,27.69
"2021-07-12 23:15:00",132,0,0,0,26.9,24.9,1014,112.8988,334.0556,0,0,13.68,27.55
"2021-07-12 23:16:00",133,0,0,0,26.9,24.9,1014,112.9812,334.2912,0,0,13.67,27.58
"2021-07-12 23:17:00",134,0,0,0,26.9,24.9,1014,113.0629,334.5272,0,0,13.64,27.76
"2021-07-12 23:18:00",135,0,0,0,26.9,24.9,1014,113.1439,334.7637,0,0,13.49,27.71
"2021-07-12 23:19:00",136,0,0,0,26.9,24.9,1014,113.2242,335.0006,0,0,13.67,27.62
"2021-07-12 23:20:00",137,0,0,0,26.9,24.9,1014,113.3038,335.2379,0,0,13.48,27.72
"2021-07-12 23:21:00",138,0,0,0,26.9,24.9,1014,113.3827,335.4756,0,0,13.5,27.72
"2021-07-12 23:22:00",139,0,0,0,26.9,25,1014,113.4609,335.7138,0,0,13.52,27.73
"2021-07-12 23:23:00",140,0,0,0,26.9,25,1014,113.5383,335.9524,0,0,13.66,27.71
"2021-07-12 23:24:00",141,0,0,0,26.9,25,1014,113.6151,336.1914,0,0,13.46,27.55
"2021-07-12 23:25:00",142,0,0,0,26.9,25,1014,113.6911,336.4308,0,0,13.67,27.7
"2021-07-12 23:26:00",143,0,0,0,26.9,25,1014,113.7664,336.6706,0,0,13.65,27.67
"2021-07-12 23:27:00",144,0,0,0,26.9,25,1014,113.8409,336.9108,0,0,13.52,27.68
"2021-07-12 23:28:00",145,0,0,0,27,25,1014,113.9148,337.1514,0,0,13.51,27.71
"2021-07-12 23:29:00",146,0,0,0,27,25,1014,113.9878,337.3925,0,0,13.52,27.63
"2021-07-12 23:30:00",147,0,0,0,27,25,1014,114.0602,337.6339,0,0,13.62,27.77
"2021-07-12 23:31:00",148,0,0,0,27,25,1014,114.1318,337.8758,0,0,13.63,27.76
"2021-07-12 23:32:00",149,0,0,0,27,25,1014,114.2027,338.118,0,0,13.47,27.71
"2021-07-12 23:33:00",150,0,0,0,27,25,1014,114.2736,338.3616,0,0,13.63,27.59
"2021-07-12 23:34:00",151,0,0,0,27,25,1014,114.343,338.6046,0,0,13.66,27.66
"2021-07-12 23:35:00",152,0,0,0,27,25,1014,114.4117,338.848,0,0,13.52,27.8
"2021-07-12 23:36:00",153,0,0,0,27,25,1014,114.4796,339.0918,0,0,13.48,27.67
"2021-07-12 23:37:00",154,0,0,0,27,25,1014,114.5467,339.336,0,0,13.56,27.71
"2021-07-12 23:38:00",155,0,0,0,27,25,1014,114.6131,339.5805,0,0,13.58,27.69
"2021-07-12 23:39:00",156,0,0,0,27,25,1014,114.6788,339.8255,0,0,13.67,27.86
"2021-07-12 23:40:00",157,0,0,0,27,25,1014,114.7437,340.0708,0,0,13.62,27.82
"2021-07-12 23:41:00",158,0,0,0,27,25,1014,114.8078,340.3164,0,0,13.67,27.82
"2021-07-12 23:42:00",159,0,0,0,27,25,1014,114.8711,340.5625,0,0,13.55,27.71
"2021-07-12 23:43:00",160,0,0,0,27,25,1014,114.9337,340.8089,0,0,13.69,27.67
"2021-07-12 23:44:00",161,0,0,0,27,25.1,1014,114.9956,341.0557,0,0,13.48,27.67
"2021-07-12 23:45:00",162,0,0,0,27,25.1,1014,115.0566,341.3028,0,0,13.47,27.71
"2021-07-12 23:46:00",163,0,0,0,27,25.1,1014,115.1169,341.5503,0,0,13.5,27.83
"2021-07-12 23:47:00",164,0,0,0,27,25.1,1014,115.1764,341.7981,0,0,13.51,27.77
"2021-07-12 23:48:00",165,0,0,0,27,25.1,1014,115.2351,342.0463,0,0,13.63,27.75
"2021-07-12 23:49:00",166,0,0,0,27.1,25.1,1014,115.2931,342.2948,0,0,13.5,27.73
"2021-07-12 23:50:00",167,0,0,0,27.1,25.1,1014,115.3503,342.5437,0,0,13.66,27.71
"2021-07-12 23:51:00",168,0,0,0,27.1,25.1,1014,115.4067,342.7928,0,0,13.65,27.81
"2021-07-12 23:52:00",169,0,0,0,27.1,25.1,1014,115.4623,343.0424,0,0,13.67,27.78
"2021-07-12 23:53:00",170,0,0,0,27.1,25.1,1014,115.5171,343.2922,0,0,13.65,27.87
"2021-07-12 23:54:00",171,0,0,0,27.1,25.1,1014,115.5711,343.5424,0,0,13.68,27.78
"2021-07-12 23:55:00",172,0,0,0,27.1,25.1,1014,115.6243,343.7929,0,0,13.56,27.77
"2021-07-12 23:56:00",173,0,0,0,27,25.1,1014,115.6768,344.0437,0,0,13.57,27.79
"2021-07-12 23:57:00",174,0,0,0,26.9,25,1014,115.7284,344.2949,0,0,13.66,27.79
"2021-07-12 23:58:00",175,0,0,0,26.9,25,1014,115.7793,344.5463,0,0,13.48,27.8
"2021-07-12 23:59:00",176,0,0,0,26.8,24.9,1014,115.8293,344.798,0,0,13.6,27.78
"2021-07-13 00:00:00",177,0,0,0,26.7,24.9,1014,115.8786,345.0501,0,0,13.67,27.56
"2021-07-13 00:01:00",178,0,0,0,26.6,24.8,1014,115.927,345.3024,0,0,13.63,27.44
"2021-07-13 00:02:00",179,0,0,0,26.5,24.7,1014,115.9746,345.5551,0,0,13.67,27.47
"2021-07-13 00:03:00",180,0,0,0,26.4,24.6,1014,116.0215,345.808,0,0,13.48,27.37
"2021-07-13 00:04:00",181,0,0,0,26.3,24.6,1014,116.0675,346.0612,0,0,13.68,27.05
"2021-07-13 00:05:00",182,0,0,0,26.2,24.5,1014,116.1127,346.3147,0,0,13.66,26.94
"2021-07-13 00:06:00",183,0,0,0,26.1,24.4,1014,116.1571,346.5684,0,0,13.66,26.97
"2021-07-13 00:07:00",184,0,0,0,26.1,24.4,1014,116.2007,346.8225,0,0,13.67,26.77
"2021-07-13 00:08:00",185,0,0,0,26,24.3,1014,116.2434,347.0768,0,0,13.49,26.68
"2021-07-13 00:09:00",186,0,0,0,25.9,24.3,1014,116.2854,347.3313,0,0,13.63,26.58
"2021-07-13 00:10:00",187,0,0,0,25.9,24.2,1014,116.3265,347.5861,0,0,13.67,26.56
"2021-07-13 00:11:00",188,0,0,0,25.8,24.1,1014,116.3668,347.8412,0,0,13.67,26.14
"2021-07-13 00:12:00",189,0,0,0,25.8,24.1,1014,116.4063,348.0965,0,0,13.64,26.4
"2021-07-13 00:13:00",190,0,0,0,25.8,24.1,1014,116.445,348.3521,0,0,13.64,26.16
"2021-07-13 00:14:00",191,0,0,0,25.8,24.1,1014,116.4828,348.6079,0,0,13.68,26.17
"2021-07-13 00:15:00",192,0,0,0,25.8,24.1,1014,116.5198,348.8639,0,0,13.69,26.34
"2021-07-13 00:16:00",193,0,0,0,25.9,24.1,1014,116.556,349.1202,0,0,13.69,26.23
"2021-07-13 00:17:00",194,0,0,0,25.9,24.1,1014,116.5913,349.3767,0,0,13.69,26.2
"2021-07-13 00:18:00",195,0,0,0,25.9,24.1,1014,116.6259,349.6334,0,0,13.67,26.17
"2021-07-13 00:19:00",196,0,0,0,26,24.1,1014,116.6595,349.8903,0,0,13.69,26.33
"2021-07-13 00:20:00",197,0,0,0,26,24.1,1014,116.6924,350.1475,0,0,13.69,26.27
"2021-07-13 00:21:00",198,0,0,0,26,24.1,1014,116.7244,350.4048,0,0,13.7,26.45
"2021-07-13 00:22:00",199,0,0,0,26.1,24.2,1014,116.7556,350.6624,0,0,13.71,26.29
"2021-07-13 00:23:00",200,0,0,0,26.1,24.2,1014,116.7859,350.9201,0,0,13.68,26.5
"2021-07-13 00:24:00",201,0,0,0,26.1,24.2,1014,116.8154,351.178,0,0,13.7,26.54
"2021-07-13 00:25:00",202,0,0,0,26.2,24.2,1014,116.8441,351.4361,0,0,13.55,26.43
"2021-07-13 00:26:00",203,0,0,0,26.2,24.2,1014,116.871,351.6941,0,0,13.66,26.49
"2021-07-13 00:27:00",204,0,0,0,26.2,24.2,1014,116.898,351.9525,0,0,13.6,26.64
"2021-07-13 00:28:00",205,0,0,0,26.2,24.3,1014,116.9241,352.2112,0,0,13.49,26.67
"2021-07-13 00:29:00",206,0,0,0,26.3,24.3,1014,116.9494,352.47,0,0,13.51,26.58
"2021-07-13 00:30:00",207,0,0,0,26.3,24.3,1014,116.9739,352.7289,0,0,13.7,26.74
"2021-07-13 00:31:00",208,0,0,0,26.3,24.3,1014,116.9974,352.9881,0,0,13.51,26.64
"2021-07-13 00:32:00",209,0,0,0,26.3,24.3,1014,117.0202,353.2473,0,0,13.55,26.56
"2021-07-13 00:33:00",210,0,0,0,26.3,24.3,1014,117.0421,353.5067,0,0,13.71,26.66
"2021-07-13 00:34:00",211,0,0,0,26.3,24.3,1014,117.0631,353.7663,0,0,13.64,26.73
"2021-07-13 00:35:00",212,0,0,0,26.4,24.4,1014,117.0833,354.026,0,0,13.62,26.89
"2021-07-13 00:36:00",213,0,0,0,26.4,24.4,1014,117.1035,354.2853,0,0,13.63,26.85
"2021-07-13 00:37:00",214,0,0,0,26.4,24.4,1014,117.122,354.5453,0,0,13.51,26.85
"2021-07-13 00:38:00",215,0,0,0,26.4,24.4,1014,117.1388,354.8056,0,0,13.69,26.98
"2021-07-13 00:39:00",216,0,0,0,26.4,24.4,1014,117.1555,355.0658,0,0,13.58,26.84
"2021-07-13 00:40:00",217,0,0,0,26.4,24.4,1014,117.1715,355.3261,0,0,13.61,26.94
"2021-07-13 00:41:00",218,0,0,0,26.4,24.4,1014,117.1865,355.5864,0,0,13.66,27.08
"2021-07-13 00:42:00",219,0,0,0,26.4,24.4,1014,117.2007,355.8469,0,0,13.68,26.94
"2021-07-13 00:43:00",220,0,0,0,26.5,24.4,1014,117.2141,356.1074,0,0,13.49,26.97
"2021-07-13 00:44:00",221,0,0,0,26.5,24.5,1014,117.2266,356.3681,0,0,13.52,27.12
"2021-07-13 00:45:00",222,0,0,0,26.5,24.5,1014,117.2382,356.6288,0,0,13.65,27.13
"2021-07-13 00:46:00",223,0,0,0,26.5,24.5,1014,117.249,356.8896,0,0,13.55,27.08
"2021-07-13 00:47:00",224,0,0,0,26.5,24.5,1014,117.259,357.1504,0,0,13.66,27.11
"2021-07-13 00:48:00",225,0,0,0,26.5,24.5,1014,117.268,357.4113,0,0,13.68,27.19
"2021-07-13 00:49:00",226,0,0,0,26.5,24.5,1014,117.2762,357.6723,0,0,13.68,27.13
"2021-07-13 00:50:00",227,0,0,0,26.5,24.5,1014,117.2836,357.9333,0,0,13.5,27.09
"2021-07-13 00:51:00",228,0,0,0,26.5,24.5,1014,117.2901,358.1944,0,0,13.66,27.02
"2021-07-13 00:52:00",229,0,0,0,26.6,24.5,1014,117.2957,358.4555,0,0,13.49,27.27
"2021-07-13 00:53:00",230,0,0,0,26.6,24.6,1014,117.3004,358.7167,0,0,13.51,27.28
"2021-07-13 00:54:00",231,0,0,0,26.6,24.6,1014,117.3044,358.9778,0,0,13.67,27.16
"2021-07-13 00:55:00",232,0,0,0,26.6,24.6,1014,117.3074,359.239,0,0,13.66,27.18
"2021-07-13 00:56:00",233,0,0,0,26.6,24.6,1014,117.3096,359.5002,0,0,13.53,27.19
"2021-07-13 00:57:00",234,0,0,0,26.6,24.6,1014,117.3109,359.7615,0,0,13.58,27.3
"2021-07-13 00:58:00",235,0,0,0,26.6,24.6,1014,117.3114,0.0227,0,0,13.49,27.31
"2021-07-13 00:59:00",236,0,0,0,26.6,24.6,1014,117.3109,0.2839,0,0,13.53,27.41
"2021-07-13 01:00:00",237,0,0,0,26.6,24.6,1014,117.3097,0.5452,0,0,13.6,27.24
"2021-07-13 01:01:00",238,0,0,0,26.6,24.6,1014,117.3076,0.8064,0,0,13.68,27.41
"2021-07-13 01:02:00",239,0,0,0,26.6,24.6,1014,117.3046,1.0676,0,0,13.55,27.33
"2021-07-13 01:03:00",240,0,0,0,26.7,24.6,1014,117.3007,1.3287,0,0,13.65,27.43
"2021-07-13 01:04:00",241,0,0,0,26.7,24.6,1014,117.296,1.5899,0,0,13.66,27.35
"2021-07-13 01:05:00",242,0,0,0,26.7,24.7,1014,117.2904,1.851,0,0,13.66,27.46
"2021-07-13 01:06:00",243,0,0,0,26.7,24.7,1014,117.284,2.1121,0,0,13.47,27.41
"2021-07-13 01:07:00",244,0,0,0,26.7,24.7,1014,117.2767,2.3731,0,0,13.48,27.42
"2021-07-13 01:08:00",245,0,0,0,26.7,24.7,1014,117.2686,2.6341,0,0,13.66,27.49
"2021-07-13 01:09:00",246,0,0,0,26.7,24.7,1014,117.2596,2.895,0,0,13.6,27.32
"2021-07-13 01:10:00",247,0,0,0,26.7,24.7,1014,117.2497,3.1559,0,0,13.53,27.37
"2021-07-13 01:11:00",248,0,0,0,26.7,24.7,1014,117.2389,3.4167,0,0,13.59,27.55
"2021-07-13 01:12:00",249,0,0,0,26.7,24.7,1014,117.2274,3.6774,0,0,13.66,27.54
"2021-07-13 01:13:00",250,0,0,0,26.7,24.7,1014,117.2149,3.938,0,0,13.61,27.45
"2021-07-13 01:14:00",251,0,0,0,26.7,24.7,1014,117.2016,4.1986,0,0,13.5,27.47
"2021-07-13 01:15:00",252,0,0,0,26.7,24.7,1014,117.1875,4.4591,0,0,13.66,27.39
"2021-07-13 01:16:00",253,0,0,0,26.7,24.7,1014,117.1724,4.7195,0,0,13.65,27.61
"2021-07-13 01:17:00",254,0,0,0,26.7,24.7,1014,117.1566,4.9797,0,0,13.57,27.59
"2021-07-13 01:18:00",255,0,0,0,26.7,24.8,1014,117.1398,5.2399,0,0,13.54,27.43
"2021-07-13 01:19:00",256,0,0,0,26.7,24.8,1014,117.1223,5.5,0,0,13.66,27.44
"2021-07-13 01:20:00",257,0,0,0,26.8,24.8,1014,117.1038,5.7599,0,0,13.66,27.62
"2021-07-13 01:21:00",258,0,0,0,26.8,24.8,1014,117.0845,6.0197,0,0,13.63,27.54
"2021-07-13 01:22:00",259,0,0,0,26.8,24.8,1014,117.0644,6.2794,0,0,13.65,27.54
"2021-07-13 01:23:00",260,0,0,0,26.8,24.8,1014,117.0434,6.539,0,0,13.66,27.55
"2021-07-13 01:24:00",261,0,0,0,26.8,24.8,1014,117.0216,6.7984,0,0,13.48,27.47
"2021-07-13 01:25:00",262,0,0,0,26.8,24.8,1014,116.9989,7.0577,0,0,13.49,27.52
"2021-07-13 01:26:00",263,0,0,0,26.8,24.8,1014,116.9753,7.3169,0,0,13.67,27.7
"2021-07-13 01:27:00",264,0,0,0,26.8,24.8,1014,116.9509,7.5758,0,0,13.58,27.69
"2021-07-13 01:28:00",265,0,0,0,26.8,24.8,1014,116.9257,7.8347,0,0,13.67,27.5
"2021-07-13 01:29:00",266,0,0,0,26.8,24.8,1014,116.8996,8.0933,0,0,13.68,27.71
"2021-07-13 01:30:00",267,0,0,0,26.8,24.8,1014,116.8727,8.3518,0,0,13.57,27.68
"2021-07-13 01:31:00",268,0,0,0,26.8,24.8,1014,116.8449,8.6101,0,0,13.66,27.58
"2021-07-13 01:32:00",269,0,0,0,26.8,24.8,1014,116.8163,8.8683,0,0,13.47,27.73
"2021-07-13 01:33:00",270,0,0,0,26.8,24.8,1014,116.7869,9.1262,0,0,13.5,27.69
"2021-07-13 01:34:00",271,0,0,0,26.8,24.8,1014,116.7566,9.384,0,0,13.58,27.7
"2021-07-13 01:35:00",272,0,0,0,26.8,24.8,1014,116.7255,9.6415,0,0,13.48,27.7
"2021-07-13 01:36:00",273,0,0,0,26.8,24.9,1014,116.6935,9.8989,0,0,13.56,27.52
"2021-07-13 01:37:00",274,0,0,0,26.8,24.9,1014,116.6607,10.1561,0,0,13.67,27.75
"2021-07-13 01:38:00",275,0,0,0,26.9,24.9,1014,116.6271,10.413,0,0,13.59,27.59
"2021-07-13 01:39:00",276,0,0,0,26.9,24.9,1014,116.5926,10.6698,0,0,13.49,27.77
"2021-07-13 01:40:00",277,0,0,0,26.9,24.9,1014,116.5573,10.9263,0,0,13.52,27.64
"2021-07-13 01:41:00",278,0,0,0,26.9,24.9,1014,116.5212,11.1826,0,0,13.63,27.64
"2021-07-13 01:42:00",279,0,0,0,26.9,24.9,1014,116.4842,11.4387,0,0,13.65,27.75
"2021-07-13 01:43:00",280,0,0,0,26.9,24.9,1014,116.4464,11.6945,0,0,13.56,27.8
"2021-07-13 01:44:00",281,0,0,0,26.9,24.9,1014,116.4078,11.9501,0,0,13.66,27.76
"2021-07-13 01:45:00",282,0,0,0,26.9,24.9,1014,116.3684,12.2054,0,0,13.52,27.68
"2021-07-13 01:46:00",283,0,0,0,26.9,24.9,1014,116.3281,12.4605,0,0,13.52,27.68
"2021-07-13 01:47:00",284,0,0,0,26.9,24.9,1014,116.2871,12.7154,0,0,13.65,27.66
"2021-07-13 01:48:00",285,0,0,0,26.9,24.9,1014,116.2452,12.97,0,0,13.5,27.71
"2021-07-13 01:49:00",286,0,0,0,26.9,24.9,1014,116.2025,13.2243,0,0,13.48,27.79
"2021-07-13 01:50:00",287,0,0,0,26.9,24.9,1014,116.1589,13.4784,0,0,13.63,27.77
"2021-07-13 01:51:00",288,0,0,0,26.9,24.9,1014,116.1146,13.7322,0,0,13.48,27.68
"2021-07-13 01:52:00",289,0,0,0,26.9,24.9,1014,116.0694,13.9857,0,0,13.65,27.75
"2021-07-13 01:53:00",290,0,0,0,26.9,24.9,1014,116.0234,14.2389,0,0,13.47,27.74
"2021-07-13 01:54:00",291,0,0,0,26.9,24.9,1014,115.9767,14.4919,0,0,13.6,27.8
"2021-07-13 01:55:00",292,0,0,0,26.9,24.9,1014,115.9291,14.7446,0,0,13.48,27.73
"2021-07-13 01:56:00",293,0,0,0,26.9,24.9,1014,115.8807,14.9969,0,0,13.68,27.69
"2021-07-13 01:57:00",294,0,0,0,26.9,24.9,1014,115.8315,15.249,0,0,13.5,27.81
"2021-07-13 01:58:00",295,0,0,0,26.9,24.9,1014,115.7815,15.5008,0,0,13.68,27.77
"2021-07-13 01:59:00",296,0,0,0,26.9,25,1014,115.7307,15.7523,0,0,13.67,27.82
"2021-07-13 02:00:00",297,0,0,0,26.9,25,1014,115.6791,16.0035,0,0,13.48,27.72
"2021-07-13 02:01:00",298,0,0,0,26.9,25,1014,115.6267,16.2543,0,0,13.65,27.89
"2021-07-13 02:02:00",299,0,0,0,26.9,25,1014,115.5735,16.5048,0,0,13.5,27.68
"2021-07-13 02:03:00",300,0,0,0,26.9,25,1014,115.5196,16.7551,0,0,13.6,27.71
"2021-07-13 02:04:00",301,0,0,0,26.9,25,1014,115.4648,17.005,0,0,13.5,27.7
"2021-07-13 02:05:00",302,0,0,0,27,25,1014,115.4092,17.2545,0,0,13.53,27.84
"2021-07-13 02:06:00",303,0,0,0,27,25,1014,115.3529,17.5038,0,0,13.61,27.73
"2021-07-13 02:07:00",304,0,0,0,27,25,1014,115.2958,17.7527,0,0,13.58,27.75
"2021-07-13 02:08:00",305,0,0,0,27,25,1014,115.2379,18.0012,0,0,13.69,27.85
"2021-07-13 02:09:00",306,0,0,0,27,25,1014,115.1792,18.2495,0,0,13.56,27.77
"2021-07-13 02:10:00",307,0,0,0,27,25,1014,115.1197,18.4973,0,0,13.5,27.74
"2021-07-13 02:11:00",308,0,0,0,27,25,1014,115.0595,18.7449,0,0,13.48,27.86
"2021-07-13 02:12:00",309,0,0,0,27,25,1014,114.9985,18.992,0,0,13.49,27.86
"2021-07-13 02:13:00",310,0,0,0,27,25,1014,114.9367,19.2389,0,0,13.49,27.8
"2021-07-13 02:14:00",311,0,0,0,27,25,1001,114.8742,19.4853,0,0,13.5,27.82
"2021-07-13 02:15:00",312,0,0,0,27,25,1001,114.8109,19.7314,0,0,13.66,27.87
"2021-07-13 02:16:00",313,0,0,0,27,25,1001,114.7468,19.9771,0,0,13.5,27.88
"2021-07-13 02:17:00",314,0,0,0,27,25,1001,114.6819,20.2225,0,0,13.6,27.74
"2021-07-13 02:18:00",315,0,0,0,27,25,1001,114.6163,20.4675,0,0,13.51,27.88
"2021-07-13 02:19:00",316,0,0,0,27,25,1001,114.55,20.7121,0,0,13.49,27.86
"2021-07-13 02:20:00",317,0,0,0,27,25,1001,114.4829,20.9563,0,0,13.62,27.79
"2021-07-13 02:21:00",318,0,0,0,27,25,1001,114.415,21.2002,0,0,13.54,27.86
"2021-07-13 02:22:00",319,0,0,0,27,25,1001,114.3464,21.4437,0,0,13.58,27.72
"2021-07-13 02:23:00",320,0,0,0,27,25,1001,114.2771,21.6867,0,0,13.54,27.85
"2021-07-13 02:24:00",321,0,0,0,27,25,1001,114.207,21.9294,0,0,13.47,27.9
"2021-07-13 02:25:00",322,0,0,0,27,25,1001,114.1361,22.1717,0,0,13.47,27.9
"2021-07-13 02:26:00",323,0,0,0,27,25,1001,114.0646,22.4136,0,0,13.58,27.8
"2021-07-13 02:27:00",324,0,0,0,27,25,1001,113.9922,22.6551,0,0,13.65,27.9
"2021-07-13 02:28:00",325,0,0,0,27,25,1001,113.9192,22.8962,0,0,13.69,27.9
"2021-07-13 02:29:00",326,0,0,0,27,25,1001,113.8454,23.1369,0,0,13.48,27.71
"2021-07-13 02:30:00",327,0,0,0,27,25,1001,113.7709,23.3772,0,0,13.48,27.91
"2021-07-13 02:31:00",328,0,0,0,27,25,1001,113.6957,23.6171,0,0,13.67,27.91
"2021-07-13 02:32:00",329,0,0,0,27,25,1001,113.6197,23.8566,0,0,13.55,27.91
"2021-07-13 02:33:00",330,0,0,0,27,25,1001,113.543,24.0956,0,0,13.63,27.91
"2021-07-13 02:34:00",331,0,0,0,27,25.1,1001,113.4656,24.3343,0,0,13.57,27.91
"2021-07-13 02:35:00",332,0,0,0,27,25.1,1001,113.3875,24.5725,0,0,13.63,27.87
"2021-07-13 02:36:00",333,0,0,0,27,25.1,1001,113.3087,24.8103,0,0,13.63,27.82
"2021-07-13 02:37:00",334,0,0,0,27,25.1,1001,113.2291,25.0477,0,0,13.64,27.94
"2021-07-13 02:38:00",335,0,0,0,27,25.1,1001,113.1489,25.2846,0,0,13.67,27.86
"2021-07-13 02:39:00",336,0,0,0,27,25.1,1001,113.0679,25.5212,0,0,13.65,27.94
"2021-07-13 02:40:00",337,0,0,0,27,25.1,1001,112.9862,25.7573,0,0,13.5,27.8
"2021-07-13 02:41:00",338,0,0,0,27,25.1,1001,112.9039,25.9929,0,0,13.68,27.86
"2021-07-13 02:42:00",339,0,0,0,27.1,25.1,1001,112.8208,26.2282,0,0,13.59,27.94
"2021-07-13 02:43:00",340,0,0,0,27.1,25.1,1001,112.7371,26.463,0,0,13.67,28
"2021-07-13 02:44:00",341,0,0,0,27.1,25.1,1001,112.6526,26.6973,0,0,13.65,27.95
"2021-07-13 02:45:00",342,0,0,0,27.1,25.1,1001,112.5675,26.9313,0,0,13.52,27.81
"2021-07-13 02:46:00",343,0,0,0,27.1,25.1,1001,112.4816,27.1648,0,0,13.64,27.96
"2021-07-13 02:47:00",344,0,0,0,27.1,25.1,1001,112.3951,27.3978,0,0,13.68,27.95
"2021-07-13 02:48:00",345,0,0,0,27.1,25.1,1001,112.3079,27.6304,0,0,13.54,27.89
"2021-07-13 02:49:00",346,0,0,0,27.1,25.1,1001,112.2201,27.8626,0,0,13.67,27.9
"2021-07-13 02:50:00",347,0,0,0,27.1,25.1,1001,112.1315,28.0943,0,0,13.61,27.81
"2021-07-13 02:51:00",348,0,0,0,27.1,25.1,1001,112.0423,28.3256,0,0,13.53,27.82
"2021-07-13 02:52:00",349,0,0,0,27.1,25.1,1001,111.9524,28.5564,0,0,13.46,27.84
"2021-07-13 02:53:00",350,0,0,0,27.1,25.1,1001,111.8618,28.7868,0,0,13.65,27.89
"2021-07-13 02:54:00",351,0,0,0,27.1,25.1,1001,111.7706,29.0167,0,0,13.69,27.97
"2021-07-13 02:55:00",352,0,0,0,27.1,25.1,1001,111.6787,29.2461,0,0,13.51,27.93
"2021-07-13 02:56:00",353,0,0,0,27.1,25.1,1001,111.5862,29.4752,0,0,13.63,27.83
"2021-07-13 02:57:00",354,0,0,0,27,25.1,1001,111.493,29.7037,0,0,13.65,27.97
"2021-07-13 02:58:00",355,0,0,0,27,25,1001,111.3991,29.9318,0,0,13.65,27.97
"2021-07-13 02:59:00",356,0,0,0,26.9,25,1001,111.3046,30.1595,0,0,13.63,27.89
"2021-07-13 03:00:00",357,0,0,0,26.8,24.9,1001,111.2094,30.3866,0,0,13.64,27.67
"2021-07-13 03:01:00",358,0,0,0,26.7,24.9,1001,111.1136,30.6134,0,0,13.45,27.62
"2021-07-13 03:02:00",359,0,0,0,26.6,24.8,1001,111.0172,30.8396,0,0,13.67,27.47
"2021-07-13 03:03:00",360,0,0,0,26.5,24.7,1001,110.9201,31.0655,0,0,13.63,27.44
"2021-07-13 03:04:00",361,0,0,0,26.4,24.6,1001,110.8224,31.2908,0,0,13.66,27.19
"2021-07-13 03:05:00",362,0,0,0,26.3,24.6,1001,110.724,31.5157,0,0,13.5,27.04
"2021-07-13 03:06:00",363,0,0,0,26.2,24.5,1001,110.625,31.7401,0,0,13.46,26.94
"2021-07-13 03:07:00",364,0,0,0,26.1,24.4,1001,110.5254,31.9641,0,0,13.67,26.78
"2021-07-13 03:08:00",365,0,0,0,26.1,24.4,1001,110.4251,32.1875,0,0,13.53,26.77
"2021-07-13 03:09:00",366,0,0,0,26,24.3,1001,110.3243,32.4106,0,0,13.55,26.7
"2021-07-13 03:10:00",367,0,0,0,25.9,24.2,1001,110.2228,32.6331,0,0,13.58,26.54
"2021-07-13 03:11:00",368,0,0,0,25.9,24.2,1001,110.1207,32.8552,0,0,13.69,26.29
"2021-07-13 03:12:00",369,0,0,0,25.8,24.1,1001,110.0179,33.0768,0,0,13.68,26.22
"2021-07-13 03:13:00",370,0,0,0,25.8,24.1,1001,109.9146,33.298,0,0,13.63,26.16
"2021-07-13 03:14:00",371,0,0,0,25.8,24,1001,109.8107,33.5187,0,0,13.67,26.17
"2021-07-13 03:15:00",372,0,0,0,25.8,24,1001,109.7061,33.7389,0,0,13.51,26.16
"2021-07-13 03:16:00",373,0,0,0,25.8,24,1001,109.601,33.9587,0,0,13.69,26.23
"2021-07-13 03:17:00",374,0,0,0,25.8,24,1001,109.4952,34.178,0,0,13.65,26.08
"2021-07-13 03:18:00",375,0,0,0,25.9,24.1,1001,109.3888,34.3968,0,0,13.67,26.25
"2021-07-13 03:19:00",376,0,0,0,25.9,24.1,1001,109.2819,34.6151,0,0,13.69,26.18
"2021-07-13 03:20:00",377,0,0,0,25.9,24.1,1001,109.1744,34.833,0,0,13.7,26.1
"2021-07-13 03:21:00",378,0,0,0,26,24.1,1001,109.0662,35.0504,0,0,13.71,26.28
"2021-07-13 03:22:00",379,0,0,0,26,24.1,1001,108.9575,35.2673,0,0,13.7,26.31
"2021-07-13 03:23:00",380,0,0,0,26,24.1,1001,108.8482,35.4838,0,0,13.65,26.4
"2021-07-13 03:24:00",381,0,0,0,26.1,24.1,1001,108.7383,35.6998,0,0,13.63,26.21
"2021-07-13 03:25:00",382,0,0,0,26.1,24.2,1001,108.6279,35.9153,0,0,13.57,26.41
"2021-07-13 03:26:00",383,0,0,0,26.1,24.2,1001,108.5168,36.1304,0,0,13.54,26.51
"2021-07-13 03:27:00",384,0,0,0,26.2,24.2,1001,108.4052,36.345,0,0,13.67,26.37
"2021-07-13 03:28:00",385,0,0,0,26.2,24.2,1001,108.2931,36.5591,0,0,13.71,26.39
"2021-07-13 03:29:00",386,0,0,0,26.2,24.2,1001,108.1803,36.7728,0,0,13.5,26.63
"2021-07-13 03:30:00",387,0,0,0,26.2,24.2,1001,108.067,36.9859,0,0,13.56,26.66
"2021-07-13 03:31:00",388,0,0,0,26.2,24.2,1001,107.9532,37.1987,0,0,13.69,26.6
"2021-07-13 03:32:00",389,0,0,0,26.3,24.2,1001,107.8387,37.4109,0,0,13.69,26.73
"2021-07-13 03:33:00",390,0,0,0,26.3,24.3,1001,107.7237,37.6227,0,0,13.51,26.67
"2021-07-13 03:34:00",391,0,0,0,26.3,24.3,1001,107.6082,37.834,0,0,13.5,26.68
"2021-07-13 03:35:00",392,0,0,0,26.3,24.3,1001,107.4921,38.0448,0,0,13.49,26.73
"2021-07-13 03:36:00",393,0,0,0,26.3,24.3,1001,107.3755,38.2552,0,0,13.71,26.71
"2021-07-13 03:37:00",394,0,0,0,26.3,24.3,1001,107.2583,38.4651,0,0,13.5,26.73
"2021-07-13 03:38:00",395,0,0,0,26.3,24.3,1001,107.1406,38.6746,0,0,13.52,26.78
"2021-07-13 03:39:00",396,0,0,0,26.4,24.3,1001,107.0224,38.8835,0,0,13.6,26.94
"2021-07-13 03:40:00",397,0,0,0,26.4,24.3,1001,106.9036,39.0921,0,0,13.58,26.87
"2021-07-13 03:41:00",398,0,0,0,26.4,24.4,1001,106.7842,39.3001,0,0,13.63,26.87
"2021-07-13 03:42:00",399,0,0,0,26.4,24.4,1001,106.6644,39.5077,0,0,13.68,26.88
"2021-07-13 03:43:00",400,0,0,0,26.4,24.4,1001,106.544,39.7148,0,0,13.56,27.05
"2021-07-13 03:44:00",401,0,0,0,26.4,24.4,1001,106.4231,39.9215,0,0,13.49,27.07
"2021-07-13 03:45:00",402,0,0,0,26.4,24.4,1001,106.3017,40.1277,0,0,13.5,27.03
"2021-07-13 03:46:00",403,0,0,0,26.4,24.4,1001,106.1797,40.3334,0,0,13.49,26.94
"2021-07-13 03:47:00",404,0,0,0,26.4,24.4,1001,106.0573,40.5387,0,0,13.68,26.97
"2021-07-13 03:48:00",405,0,0,0,26.5,24.4,1001,105.9343,40.7435,0,0,13.68,26.97
"2021-07-13 03:49:00",406,0,0,0,26.5,24.4,1001,105.8108,40.9479,0,0,13.57,27.06
"2021-07-13 03:50:00",407,0,0,0,26.5,24.5,1001,105.6868,41.1518,0,0,13.51,27.03
"2021-07-13 03:51:00",408,0,0,0,26.5,24.5,1001,105.5623,41.3552,0,0,13.53,27.08
"2021-07-13 03:52:00",409,0,0,0,26.5,24.5,1001,105.4373,41.5582,0,0,13.66,27.04
"2021-07-13 03:53:00",410,0,0,0,26.5,24.5,1001,105.3118,41.7608,0,0,13.62,27.27
"2021-07-13 03:54:00",411,0,0,0,26.5,24.5,1001,105.1857,41.9628,0,0,13.48,27.19
"2021-07-13 03:55:00",412,0,0,0,26.5,24.5,1001,105.0592,42.1645,0,0,13.57,27.2
"2021-07-13 03:56:00",413,0,0,0,26.5,24.5,1001,104.9323,42.3656,0,0,13.68,27.2
"2021-07-13 03:57:00",414,0,0,0,26.5,24.5,1001,104.8048,42.5664,0,0,13.68,27.36
"2021-07-13 03:58:00",415,0,0,0,26.5,24.5,1001,104.6768,42.7666,0,0,13.46,27.25
"2021-07-13 03:59:00",416,0,0,0,26.5,24.5,1001,104.5483,42.9665,0,0,13.64,27.18
"2021-07-13 04:00:00",417,0,0,0,26.5,24.5,1001,104.4194,43.1658,0,0,13.66,27.11
"2021-07-13 04:01:00",418,0,0,0,26.5,24.5,1001,104.29,43.3648,0,0,13.53,27.31
"2021-07-13 04:02:00",419,0,0,0,26.6,24.5,1001,104.1601,43.5633,0,0,13.53,27.35
"2021-07-13 04:03:00",420,0,0,0,26.6,24.6,1001,104.0297,43.7613,0,0,13.47,27.38
"2021-07-13 04:04:00",421,0,0,0,26.6,24.6,1001,103.8989,43.9589,0,0,13.57,27.38
"2021-07-13 04:05:00",422,0,0,0,26.6,24.6,1001,103.7676,44.1561,0,0,13.62,27.33
"2021-07-13 04:06:00",423,0,0,0,26.6,24.6,1001,103.6358,44.3528,0,0,13.55,27.45
"2021-07-13 04:07:00",424,0,0,0,26.6,24.6,1001,103.5036,44.5491,0,0,13.53,27.34
"2021-07-13 04:08:00",425,0,0,0,26.6,24.6,1001,103.3709,44.7449,0,0,13.48,27.48
"2021-07-13 04:09:00",426,0,0,0,26.6,24.6,1001,103.2377,44.9403,0,0,13.48,27.36
"2021-07-13 04:10:00",427,0,0,0,26.6,24.6,1001,103.1041,45.1353,0,0,13.48,27.43
"2021-07-13 04:11:00",428,0,0,0,26.6,24.6,1001,102.97,45.3298,0,0,13.59,27.53
"2021-07-13 04:12:00",429,0,0,0,26.6,24.6,1001,102.8355,45.5239,0,0,13.66,27.43
"2021-07-13 04:13:00",430,0,0,0,26.6,24.6,1001,102.7005,45.7176,0,0,13.6,27.53
"2021-07-13 04:14:00",431,0,0,0,26.6,24.6,1001,102.5651,45.9108,0,0,13.5,27.44
"2021-07-13 04:15:00",432,0,0,0,26.7,24.6,1001,102.4293,46.1036,0,0,13.61,27.54
"2021-07-13 04:16:00",433,0,0,0,26.7,24.6,1001,102.293,46.296,0,0,13.57,27.58
"2021-07-13 04:17:00",434,0,0,0,26.7,24.7,1001,102.1563,46.488,0,0,13.64,27.5
"2021-07-13 04:18:00",435,0,0,0,26.7,24.7,1001,102.0191,46.6795,0,0,13.68,27.47
"2021-07-13 04:19:00",436,0,0,0,26.7,24.7,1001,101.8815,46.8706,0,0,13.61,27.5
"2021-07-13 04:20:00",437,0,0,0,26.7,24.7,1001,101.7435,47.0613,0,0,13.63,27.43
"2021-07-13 04:21:00",438,0,0,0,26.7,24.7,1001,101.605,47.2516,0,0,13.68,27.43
"2021-07-13 04:22:00",439,0,0,0,26.7,24.7,1001,101.4661,47.4414,0,0,13.51,27.48
"2021-07-13 04:23:00",440,0,0,0,26.7,24.7,1001,101.3268,47.6309,0,0,13.47,27.64
"2021-07-13 04:24:00",441,0,0,0,26.7,24.7,1001,101.1871,47.8199,0,0,13.49,27.66
"2021-07-13 04:25:00",442,0,0,0,26.7,24.7,1001,101.0469,48.0085,0,0,13.53,27.56
"2021-07-13 04:26:00",443,0,0,0,26.7,24.7,1001,100.9064,48.1967,0,0,13.51,27.52
"2021-07-13 04:27:00",444,0,0,0,26.7,24.7,1001,100.7654,48.3845,0,0,13.54,27.63
"2021-07-13 04:28:00",445,0,0,0,26.7,24.7,1001,100.624,48.5719,0,0,13.66,27.48
"2021-07-13 04:29:00",446,0,0,0,26.7,24.7,1001,100.4822,48.7588,0,0,13.63,27.55
"2021-07-13 04:30:00",447,0,0,0,26.7,24.7,1001,100.34,48.9454,0,0,13.66,27.7
"2021-07-13 04:31:00",448,0,0,0,26.8,24.7,1001,100.1974,49.1316,0,0,13.49,27.65
"2021-07-13 04:32:00",449,0,0,0,26.8,24.7,1001,100.0544,49.3173,0,0,13.62,27.61
"2021-07-13 04:33:00",450,0,0,0,26.8,24.8,1001,99.911,49.5027,0,0,13.52,27.59
"2021-07-13 04:34:00",451,0,0,0,26.8,24.8,1001,99.7672,49.6877,0,0,13.55,27.5
"2021-07-13 04:35:00",452,0,0,0,26.8,24.8,1001,99.623,49.8723,0,0,13.53,27.73
"2021-07-13 04:36:00",453,0,0,0,26.8,24.8,1001,99.4784,50.0564,0,0,13.66,27.68
"2021-07-13 04:37:00",454,0,0,0,26.8,24.8,1001,99.3334,50.2402,0,0,13.55,27.48
"2021-07-13 04:38:00",455,0,0,0,26.8,24.8,1001,99.1881,50.4236,0,0,13.47,27.7
"2021-07-13 04:39:00",456,0,0,0,26.8,24.8,1001,99.0423,50.6066,0,0,13.59,27.57
"2021-07-13 04:40:00",457,0,0,0,26.8,24.8,1001,98.8962,50.7892,0,0,13.57,27.59
"2021-07-13 04:41:00",458,0,0,0,26.8,24.8,1001,98.7497,50.9715,0,0,13.68,27.7
"2021-07-13 04:42:00",459,0,0,0,26.8,24.8,1001,98.6028,51.1533,0,0,13.68,27.69
"2021-07-13 04:43:00",460,0,0,0,26.8,24.8,1001,98.4555,51.3348,0,0,13.65,27.72
"2021-07-13 04:44:00",461,0,0,0,26.8,24.8,1001,98.3079,51.5159,0,0,13.66,27.71
"2021-07-13 04:45:00",462,0,0,0,26.8,24.8,1001,98.1598,51.6966,0,0,13.66,27.63
"2021-07-13 04:46:00",463,0,0,0,26.8,24.8,1001,98.0115,51.8769,0,0,13.57,27.67
"2021-07-13 04:47:00",464,0,0,0,26.8,24.8,1001,97.8627,52.0569,0,0,13.67,27.64
"2021-07-13 04:48:00",465,0,0,0,26.8,24.8,1001,97.7136,52.2365,0,0,13.48,27.63
"2021-07-13 04:49:00",466,0,0,0,26.8,24.8,1001,97.5641,52.4157,0,0,13.66,27.79
"2021-07-13 04:50:00",467,0,0,0,26.8,24.8,1001,97.4143,52.5945,0,0,13.5,27.69
"2021-07-13 04:51:00",468,0,0,0,26.8,24.8,1001,97.2641,52.773,0,0,13.5,27.66
"2021-07-13 04:52:00",469,0,0,0,26.8,24.8,1001,97.1135,52.9511,0,0,13.68,27.77
"2021-07-13 04:53:00",470,0,0,0,26.8,24.8,1001,96.9626,53.1289,0,0,13.66,27.64
"2021-07-13 04:54:00",471,0,0,0,26.8,24.8,1001,96.8114,53.3063,0,0,13.49,27.81
"2021-07-13 04:55:00",472,0,0,0,26.8,24.8,1001,96.6598,53.4833,0,0,13.66,27.66
"2021-07-13 04:56:00",473,0,0,0,26.8,24.8,1001,96.5078,53.66,0,0,13.6,27.67
"2021-07-13 04:57:00",474,0,0,0,26.8,24.9,1001,96.3555,53.8363,0,0,13.69,27.59
"2021-07-13 04:58:00",475,0,0,0,26.8,24.9,1001,96.2029,54.0123,0,0,13.68,27.82
"2021-07-13 04:59:00",476,0,0,0,26.8,24.9,1001,96.0499,54.1879,0,0,13.57,27.78
"2021-07-13 05:00:00",477,0,0,0,26.9,24.9,1001,95.8966,54.3632,0,0,13.52,27.78
"2021-07-13 05:01:00",478,0,0,0,26.9,24.9,1001,95.7429,54.5381,0,0,13.68,27.71
"2021-07-13 05:02:00",479,0,0,0,26.9,24.9,1001,95.5889,54.7127,0,0,13.48,27.74
"2021-07-13 05:03:00",480,0,0,0,26.9,24.9,1001,95.4346,54.8869,0,0,13.65,27.83
"2021-07-13 05:04:00",481,0,0,0,26.9,24.9,1001,95.28,55.0608,0,0,13.54,27.75
"2021-07-13 05:05:00",482,0,0,0,26.9,24.9,1001,95.125,55.2344,0,0,13.67,27.85
"2021-07-13 05:06:00",483,0,0,0,26.9,24.9,1001,94.9697,55.4076,0,0,13.68,27.8
"2021-07-13 05:07:00",484,0,0,0,26.9,24.9,1001,94.814,55.5805,0,0,13.47,27.82
"2021-07-13 05:08:00",485,0,0,0,26.9,24.9,1001,94.6581,55.7531,0,0,13.67,27.74
"2021-07-13 05:09:00",486,0,0,0,26.9,24.9,1001,94.5018,55.9253,0,0,13.57,27.81
"2021-07-13 05:10:00",487,0,0,0,26.9,24.9,1001,94.3452,56.0972,0,0,13.62,27.68
"2021-07-13 05:11:00",488,0,0,0,26.9,24.9,1001,94.1883,56.2688,0,0,13.66,27.74
"2021-07-13 05:12:00",489,0,0,0,26.9,24.9,1001,94.0311,56.4401,0,0,13.48,27.82
"2021-07-13 05:13:00",490,0,0,0,26.9,24.9,1001,93.8735,56.611,0,0,13.51,27.76
"2021-07-13 05:14:00",491,0,0,0,26.9,24.9,1001,93.7157,56.7816,0,0,13.68,27.69
"2021-07-13 05:15:00",492,0,0,0,26.9,24.9,1001,93.5575,56.9519,0,0,13.53,27.7
"2021-07-13 05:16:00",493,0,0,0,26.9,24.9,1001,93.3991,57.1219,0,0,13.67,27.78
"2021-07-13 05:17:00",494,0,0,0,26.9,24.9,1001,93.2403,57.2915,0,0,13.62,27.84
"2021-07-13 05:18:00",495,0,0,0,26.9,24.9,1001,93.0812,57.4609,0,0,13.56,27.83
"2021-07-13 05:19:00",496,0,0,0,26.9,24.9,1001,92.9219,57.63,0,0,13.61,27.65
"2021-07-13 05:20:00",497,0,0,0,26.9,24.9,1001,92.7622,57.7987,0,0,13.68,27.73
"2021-07-13 05:21:00",498,0,0,0,26.9,24.9,1001,92.6023,57.9671,0,0,13.57,27.64
"2021-07-13 05:22:00",499,0,0,0,26.9,24.9,1001,92.442,58.1353,0,0,13.47,27.77
"2021-07-13 05:23:00",500,0,0,0,26.9,24.9,1014,92.2818,58.3033,0,0,13.66,27.76
"2021-07-13 05:24:00",501,0,0,0,26.9,24.9,1014,92.121,58.4708,0,0,13.68,27.74
"2021-07-13 05:25:00",502,0,0,0,26.9,24.9,1014,91.9598,58.638,0,0,13.66,27.86
"2021-07-13 05:26:00",503,0,0,0,26.9,25,1014,91.7984,58.805,0,0,13.49,27.75
"2021-07-13 05:27:00",504,0,0,0,26.9,25,1014,91.6367,58.9717,0,0,13.47,27.7
"2021-07-13 05:28:00",505,0,0,0,26.9,25,1014,91.4747,59.138,0,0,13.51,27.79
"2021-07-13 05:29:00",506,0,0,0,26.9,25,1014,91.3125,59.3041,0,0,13.65,27.65
"2021-07-13 05:30:00",507,0,0,0,26.9,25,1014,91.1499,59.4699,0,0,13.66,27.87
"2021-07-13 05:31:00",508,0,0,0,26.9,25,1014,90.9871,59.6354,0,0,13.46,27.87
"2021-07-13 05:32:00",509,0,0,0,27,25,1014,90.2154,59.8007,0,0,13.68,27.73
"2021-07-13 05:33:00",510,0,0,0,27,25,1014,90.0797,59.9656,0,0,13.62,27.83
"2021-07-13 05:34:00",511,0,0,0,27,25,1014,89.9433,60.1303,0,0,13.6,27.81
"2021-07-13 05:35:00",512,0,0,0,27,25,1014,89.806,60.2947,0,0,13.5,27.79
"2021-07-13 05:36:00",513,0,0,0,27,25,1014,89.6673,60.4589,0,0,13.47,27.89
"2021-07-13 05:37:00",514,0,0,0,27,25,1014,89.5271,60.6227,0,0,13.64,27.79
"2021-07-13 05:38:00",515,0,0,0,27,25,1014,89.3853,60.7863,0,0,13.52,27.83
"2021-07-13 05:39:00",516,0,0,0,27,25,1014,89.242,60.9497,0,0,13.5,27.89
"2021-07-13 05:40:00",517,0,0,0,27,25,1014,89.0971,61.1128,0,0,13.66,27.87
"2021-07-13 05:41:00",518,0,0,0,27,25,1014,88.9506,61.2756,0,0,13.68,27.96
"2021-07-13 05:42:00",519,0,0,0,27,25,1014,88.8027,61.4382,0,0,13.49,27.82
"2021-07-13 05:43:00",520,0,0,0,27,25,1014,88.6534,61.6005,0,0,13.48,27.9
"2021-07-13 05:44:00",521,0,0,0,27,25,1014,88.5027,61.7625,0,0,13.48,27.9
"2021-07-13 05:45:00",522,0,0,0,27,25,1014,88.3507,61.9243,0,0,13.67,27.81
"2021-07-13 05:46:00",523,0,0,0,27,25,1014,88.1976,62.0859,0,0,13.48,27.91
"2021-07-13 05:47:00",524,0,0,0,27,25,1014,88.0434,62.2472,0,0,13.57,27.83
"2021-07-13 05:48:00",525,0,0,0,27,25,1014,87.888,62.4083,0,0,13.49,27.8
"2021-07-13 05:49:00",526,0,0,0,27,25,1014,87.7317,62.5691,0,0,13.51,27.79
"2021-07-13 05:50:00",527,0,0,0,27,25,1014,87.5745,62.7297,0,0,13.51,27.75
"2021-07-13 05:51:00",528,0,0,0,27,25,1014,87.4163,62.8901,0,0,13.63,27.92
"2021-07-13 05:52:00",529,0,0,0,27,25,1014,87.2574,63.0502,0,0,13.68,27.92
"2021-07-13 05:53:00",530,0,0,0,27,25,1014,87.0976,63.2101,0,0,13.5,27.96
"2021-07-13 05:54:00",531,0,0,0,27,25,1014,86.9371,63.3697,0,0,13.5,27.92
"2021-07-13 05:55:00",532,0,0,0,27,25,1014,86.7759,63.5292,0,0,13.5,27.92
"2021-07-13 05:56:00",533,0,0,0,27,25,1014,86.6141,63.6884,0,0,13.63,27.87
"2021-07-13 05:57:00",534,0,0,0,27,25,1014,86.4515,63.8474,0,0,13.46,27.97
"2021-07-13 05:58:00",535,0,0,0,27,25,1014,86.2884,64.0061,0,0,13.68,27.85
"2021-07-13 05:59:00",536,0,0,0,27,25,1014,86.1248,64.1647,0,0,13.48,27.94
"2021-07-13 06:00:00",537,0,0,0,27,25,1014,85.9605,64.323,0,0,13.63,27.81
"2021-07-13 06:01:00",538,0,0,0,27,25,1014,85.7958,64.4812,0,0,13.54,27.88
"2021-07-13 06:02:00",539,0,0,0,27,25,1014,85.6304,64.6389,0,0,13.61,27.83
"2021-07-13 06:03:00",540,0,0,0,27,25,1014,85.4646,64.7966,0,0,13.68,28
"2021-07-13 06:04:00",541,0,0,0,27,25,1014,85.2984,64.9541,0,0,13.48,27.96
"2021-07-13 06:05:00",542,0,0,0,27,25,1014,85.1318,65.1114,0,0,13.6,27.95
"2021-07-13 06:06:00",543,0,0,0,27,25,1014,84.9647,65.2685,0,0,13.48,27.86
"2021-07-13 06:07:00",544,0,0,0,27,25,1014,84.7972,65.4254,0,0,13.61,27.87
"2021-07-13 06:08:00",545,0,0,0,27,25,1014,84.6293,65.5821,0,0,13.64,27.84
"2021-07-13 06:09:00",546,0,0,0,27,25,1014,84.461,65.7386,0,0,13.64,27.9
"2021-07-13 06:10:00",547,0,0,0,27,25,1014,84.2923,65.8949,0,0,13.51,27.96
"2021-07-13 06:11:00",548,0,0,0,27,25,1014,84.1233,66.0511,0,0,13.49,27.96
"2021-07-13 06:12:00",549,0,0,0,27,25,1014,83.9539,66.207,0,0,13.49,27.82
"2021-07-13 06:13:00",550,0,0,0,27,25,1014,83.7842,66.3628,0,0,13.59,27.74
"2021-07-13 06:14:00",551,0,0,0,27,25,1014,83.6141,66.5184,0,0,13.66,27.87
"2021-07-13 06:15:00",552,0,0,0,27,25,1014,83.4437,66.6738,0,0,13.66,27.86
"2021-07-13 06:16:00",553,0,0,0,27,25,1014,83.273,66.829,0,0,13.49,27.96
"2021-07-13 06:17:00",554,0,0,0,27,25,1014,83.102,66.9841,0,0,13.63,27.84
"2021-07-13 06:18:00",555,0,0,0,27.1,25,1014,82.9307,67.1389,0,0,13.66,27.87
"2021-07-13 06:19:00",556,0,0,0,27.1,25,1014,82.759,67.2936,0,0,13.5,27.97
"2021-07-13 06:20:00",557,0,0,0,27.1,25,1014,82.5871,67.4482,0,0,13.48,27.95
"2021-07-13 06:21:00",558,0,0,0,27.1,25,1014,82.4149,67.6026,0,0,13.48,27.84
"2021-07-13 06:22:00",559,0,0,0,27.1,25,1014,82.2425,67.7568,0,0,13.49,27.82
"2021-07-13 06:23:00",560,0,0,0,27.1,25,1014,82.0697,67.9109,0,0,13.68,27.9
"2021-07-13 06:24:00",561,0,0,0,27,25,1014,81.8967,68.0648,0,0,13.69,27.87
"2021-07-13 06:25:00",562,0,0,0,27.1,25,1014,81.7235,68.2185,0,0,13.57,27.88
"2021-07-13 06:26:00",563,0,0,0,27.1,25,1014,81.5499,68.3721,0,0,13.66,27.93
"2021-07-13 06:27:00",564,0,0,0,27.1,25,1014,81.3762,68.5256,0,0,13.55,27.88
"2021-07-13 06:28:00",565,0,0,0,27.1,25.1,1014,81.2021,68.6789,0,0,13.53,27.91
"2021-07-13 06:29:00",566,0,0,0,27.1,25.1,1014,81.0279,68.832,0,0,13.57,27.97
"2021-07-13 06:30:00",567,0,0,0,27.1,25.1,1001,80.8547,68.9851,0,0,13.51,28.04
"2021-07-13 06:31:00",568,0,0,0,27.1,25.1,1001,80.6799,69.1379,0,0,13.47,28
"2021-07-13 06:32:00",569,0,0,0,27.1,25.1,1001,80.5049,69.2907,0,0,13.55,27.99
"2021-07-13 06:33:00",570,0,0,0,27.1,25.1,1001,80.3297,69.4433,0,0,13.55,28.02
"2021-07-13 06:34:00",571,0,0,0,27.1,25.1,1001,80.1543,69.5958,0,0,13.66,27.92
"2021-07-13 06:35:00",572,0,0,0,27.1,25.1,1001,79.9786,69.7481,0,0,13.47,27.89
"2021-07-13 06:36:00",573,0,0,0,27.1,25.1,1001,79.8027,69.9004,0,0,13.66,27.95
"2021-07-13 06:37:00",574,0,0,0,27.1,25.1,1001,79.6267,70.0525,0,0,13.63,27.94
"2021-07-13 06:38:00",575,0,0,0,27.1,25.1,1001,79.4504,70.2045,0,0,13.49,28.01
"2021-07-13 06:39:00",576,0,0,0,27.1,25.1,1001,79.2738,70.3563,0,0,13.48,28
"2021-07-13 06:40:00",577,0,0,0,27.1,25.1,1001,79.0971,70.5081,0,0,13.67,27.94
"2021-07-13 06:41:00",578,0,0,0,27.1,25.1,1001,78.9202,70.6597,0,0,13.43,28.04
"2021-07-13 06:42:00",579,0,0,0,27.1,25.1,1001,78.7431,70.8112,0,0,13.58,28.01
"2021-07-13 06:43:00",580,0,0,0,27.1,25.1,1001,78.5658,70.9627,0,0,13.63,27.93
"2021-07-13 06:44:00",581,0,0,0,27.1,25.1,1001,78.3883,71.114,0,0,13.53,27.94
"2021-07-13 06:45:00",582,0,0,0,27.1,25.1,1001,78.2106,71.2652,0,0,13.64,27.88
"2021-07-13 06:46:00",583,0,0,0,27.1,25.1,1001,78.0328,71.4163,0,0,13.48,28.02
"2021-07-13 06:47:00",584,0,0,0,27.1,25.1,1001,77.8547,71.5673,0,0,13.63,27.89
"2021-07-13 06:48:00",585,0,0,0,27.1,25.1,1001,77.6764,71.7182,0,0,13.63,27.91
"2021-07-13 06:49:00",586,0,0,0,27.1,25.1,1001,77.498,71.8691,0,0,13.64,27.91
"2021-07-13 06:50:00",587,0,0,0,27.1,25.1,1001,77.3194,72.0198,0,0,13.5,28.08
"2021-07-13 06:51:00",588,0,0,0,27.1,25.1,1001,77.1406,72.1705,0,0,13.59,27.94
"2021-07-13 06:52:00",589,0,0,0,27.1,25.1,1001,76.9617,72.321,0,0,13.65,27.81
"2021-07-13 06:53:00",590,0,0,0,27.1,25.1,1001,76.7825,72.4715,0,0,13.47,27.77
"2021-07-13 06:54:00",591,0,0,0,27.1,25.1,1001,76.6032,72.6219,0,0,13.63,27.82
"2021-07-13 06:55:00",592,0,0,0,27.1,25.1,1001,76.4237,72.7723,0,0,13.57,28.02
"2021-07-13 06:56:00",593,0,0,0,27.1,25.1,1001,76.2441,72.9225,0,0,13.65,28.02
"2021-07-13 06:57:00",594,0,0,0,27.1,25.1,1001,76.0643,73.0727,0,0,13.64,27.93
"2021-07-13 06:58:00",595,0,0,0,27.1,25.1,1001,75.8843,73.2229,0,0,13.63,28.02
"2021-07-13 06:59:00",596,0,0,0,27.1,25.1,1001,75.7042,73.3729,0,0,13.44,28.06
"2021-07-13 07:00:00",597,0,0,0,27.1,25.1,1001,75.5239,73.5229,0,0,13.59,27.84
"2021-07-13 07:01:00",598,0,0,0,27.1,25.1,1001,75.3435,73.6729,0,0,13.44,28.03
"2021-07-13 07:02:00",599,0,0,0,27.1,25.1,1001,75.1629,73.8228,0,0,13.49,27.94
"2021-07-13 07:03:00",600,0,0,0,27.1,25.1,1001,74.9821,73.9726,0,0,13.57,28.02
"2021-07-13 07:04:00",601,0,0,0,27.1,25.1,1001,74.8012,74.1224,0,0,13.56,27.78
"2021-07-13 07:05:00",602,0,0,0,27.1,25.1,1001,74.6202,74.2721,0,0,13.48,28.04
"2021-07-13 07:06:00",603,0,0,0,27.1,25.1,1001,74.439,74.4218,0,0,13.46,28.03
"2021-07-13 07:07:00",604,0,0,0,27.1,25.1,1001,74.2576,74.5715,0,0,13.64,27.97
"2021-07-13 07:08:00",605,0,0,0,27.1,25.1,1001,74.0761,74.7211,0,0,13.48,27.82
"2021-07-13 07:09:00",606,0,0,0,27.1,25.1,1001,73.8945,74.8707,0,0,13.49,27.84
"2021-07-13 07:10:00",607,0,0,0,27.1,25.1,1001,73.7127,75.0202,0,0,13.65,28.04
"2021-07-13 07:11:00",608,0,0,0,27.1,25.1,1001,73.5308,75.1697,0,0,13.48,28.03
"2021-07-13 07:12:00",609,0,0,0,27.1,25.1,1001,73.3488,75.3192,0,0,13.58,27.8
"2021-07-13 07:13:00",610,0,0,0,27.1,25.1,1001,73.1666,75.4687,0,0,13.65,28.04
"2021-07-13 07:14:00",611,0,0,0,27.1,25.1,1001,72.9842,75.6181,0,0,13.63,27.88
"2021-07-13 07:15:00",612,0,0,0,27,25.1,1001,72.8018,75.7675,0,0,13.61,27.87
"2021-07-13 07:16:00",613,0,0,0,27,25,1001,72.6192,75.917,0,0,13.5,27.96
"2021-07-13 07:17:00",614,0,0,0,26.9,25,1015,72.4358,76.0664,0,0,13.63,27.93
"2021-07-13 07:18:00",615,0,0,0,26.8,24.9,1015,72.2529,76.2157,0,0,13.43,27.65
"2021-07-13 07:19:00",616,0,0,0,26.7,24.8,1015,72.07,76.3651,0,0,13.52,27.77
"2021-07-13 07:20:00",617,0,0,0,26.6,24.7,1015,71.8869,76.5145,0,0,13.46,27.64
"2021-07-13 07:21:00",618,0,0,0,26.5,24.7,1015,71.7036,76.6639,0,0,13.53,27.52
"2021-07-13 07:22:00",619,0,0,0,26.4,24.6,1015,71.5203,76.8133,0,0,13.67,27.32
"2021-07-13 07:23:00",620,0,0,0,26.3,24.5,1015,71.3368,76.9627,0,0,13.65,27.19
"2021-07-13 07:24:00",621,0,0,0,26.3,24.4,1015,71.1532,77.1121,0,0,13.56,27.15
"2021-07-13 07:25:00",622,0,0,0,26.2,24.4,1015,70.9695,77.2615,0,0,13.65,27.04
"2021-07-13 07:26:00",623,0,0,0,26.1,24.3,1015,70.7857,77.4109,0,0,13.5,26.77
"2021-07-13 07:27:00",624,0,0,0,26,24.2,1015,70.6018,77.5603,0,0,13.62,26.64
"2021-07-13 07:28:00",625,0,0,0,26,24.1,1015,70.4177,77.7098,0,0,13.57,26.65
"2021-07-13 07:29:00",626,0,0,0,25.9,24.1,1015,70.2336,77.8593,0,0,13.71,26.35
"2021-07-13 07:30:00",627,0,0,0,25.9,24,1015,70.0493,78.0088,0,0,13.53,26.28
"2021-07-13 07:31:00",628,0,0,0,25.9,24,1015,69.8649,78.1584,0,0,13.53,26.45
"2021-07-13 07:32:00",629,0,0,0,25.9,24,1015,69.6804,78.308,0,0,13.69,26.39
"2021-07-13 07:33:00",630,0,0,0,25.9,24,1015,69.4958,78.4576,0,0,13.71,26.13
"2021-07-13 07:34:00",631,0,0,0,25.9,24,1015,69.3111,78.6073,0,0,13.54,26.37
"2021-07-13 07:35:00",632,0,0,0,26,24,1015,69.1263,78.757,0,0,13.57,26.38
"2021-07-13 07:36:00",633,0,0,0,26,24,1015,68.9414,78.9067,0,0,13.64,26.22
"2021-07-13 07:37:00",634,0,0,0,26,24.1,1015,68.7564,79.0566,0,0,13.51,26.19
"2021-07-13 07:38:00",635,0,0,0,26.1,24.1,1015,68.5713,79.2064,0,0,13.67,26.47
"2021-07-13 07:39:00",636,0,0,0,26.1,24.1,1015,68.3861,79.3563,0,0,13.6,26.27
"2021-07-13 07:40:00",637,0,0,0,26.1,24.1,1015,68.2008,79.5063,0,0,13.51,26.29
"2021-07-13 07:41:00",638,0,0,0,26.1,24.1,1015,68.0154,79.6564,0,0,13.7,26.27
"2021-07-13 07:42:00",639,0,0,0,26.2,24.1,1015,67.8299,79.8065,0,0,13.68,26.58
"2021-07-13 07:43:00",640,0,0,0,26.2,24.1,1015,67.6443,79.9567,0,0,13.68,26.6
"2021-07-13 07:44:00",641,0,0,0,26.2,24.2,1015,67.4586,80.107,0,0,13.7,26.45
"2021-07-13 07:45:00",642,0,0,0,26.2,24.2,1015,67.2728,80.2573,0,0,13.49,26.68
"2021-07-13 07:46:00",643,0,0,0,26.2,24.2,1015,67.0869,80.4077,0,0,13.53,26.7
"2021-07-13 07:47:00",644,0,0,0,26.2,24.2,1015,66.901,80.5583,0,0,13.52,26.75
"2021-07-13 07:48:00",645,0,0,0,26.2,24.2,1015,66.715,80.7089,0,0,13.69,26.78
"2021-07-13 07:49:00",646,0,0,0,26.2,24.2,1015,66.5288,80.8596,0,0,13.69,26.66
"2021-07-13 07:50:00",647,0,0,0,26.2,24.2,1015,66.3426,81.0104,0,0,13.69,26.84
"2021-07-13 07:51:00",648,0,0,0,26.2,24.2,1015,66.1563,81.1613,0,0,13.7,26.9
"2021-07-13 07:52:00",649,0,0,0,26.3,24.2,1015,65.97,81.3123,0,0,13.71,26.92
"2021-07-13 07:53:00",650,0,0,0,26.3,24.3,1015,65.7835,81.4634,0,0,13.52,26.76
"2021-07-13 07:54:00",651,0,0,0,26.3,24.3,1015,65.597,81.6146,0,0,13.61,26.86
"2021-07-13 07:55:00",652,0,0,0,26.3,24.3,1015,65.4104,81.7659,0,0,13.67,26.85
"2021-07-13 07:56:00",653,0,0,0,26.3,24.3,1015,65.2237,81.9174,0,0,13.67,26.89
"2021-07-13 07:57:00",654,0,0,0,26.3,24.3,1015,65.037,82.0689,0,0,13.47,26.94
"2021-07-13 07:58:00",655,0,0,0,26.4,24.3,1015,64.8501,82.2207,0,0,13.67,26.97
"2021-07-13 07:59:00",656,0,0,0,26.4,24.3,1015,64.6632,82.3725,0,0,13.58,27.01
"2021-07-13 08:00:00",657,0,0,0,26.4,24.3,1015,64.4763,82.5245,0,0,13.61,27.13
"2021-07-13 08:01:00",658,0,0,0,26.4,24.3,1015,64.2892,82.6766,0,0,13.6,27.17
"2021-07-13 08:02:00",659,0,0,0,26.4,24.4,1015,64.1021,82.8288,0,0,13.51,26.99
"2021-07-13 08:03:00",660,0,0,0,26.4,24.4,1015,63.915,82.9812,0,0,13.5,26.96
"2021-07-13 08:04:00",661,0,0,0,26.4,24.4,1015,63.7277,83.1338,0,0,13.53,26.94
"2021-07-13 08:05:00",662,0,0,0,26.4,24.4,1015,63.5404,83.2865,0,0,13.53,27.11
"2021-07-13 08:06:00",663,0,0,0,26.4,24.4,1015,63.3531,83.4393,0,0,13.64,27.24
"2021-07-13 08:07:00",664,0,0,0,26.5,24.4,1015,63.1656,83.5923,0,0,13.67,27.2
"2021-07-13 08:08:00",665,0,0,0,26.5,24.4,1015,62.9782,83.7455,0,0,13.66,27.15
"2021-07-13 08:09:00",666,0,0,0,26.5,24.4,1015,62.7906,83.8989,0,0,13.58,27.3
"2021-07-13 08:10:00",667,0,0,0,26.5,24.4,1015,62.603,84.0524,0,0,13.68,27.31
"2021-07-13 08:11:00",668,0,0,0,26.5,24.4,1015,62.4154,84.2062,0,0,13.68,27.15
"2021-07-13 08:12:00",669,0,0,0,26.5,24.4,1015,62.2277,84.3601,0,0,13.49,27.27
"2021-07-13 08:13:00",670,0,0,0,26.5,24.4,1015,62.0399,84.5141,0,0,13.67,27.3
"2021-07-13 08:14:00",671,0,0,0,26.5,24.5,1015,61.8521,84.6684,0,0,13.6,27.3
"2021-07-13 08:15:00",672,0,0,0,26.5,24.5,1015,61.6642,84.8229,0,0,13.66,27.41
"2021-07-13 08:16:00",673,0,0,0,26.5,24.5,1001,61.4767,84.9776,0,0,13.48,27.29
"2021-07-13 08:17:00",674,0,0,0,26.5,24.5,1001,61.2888,85.1325,0,0,13.65,27.41
"2021-07-13 08:18:00",675,0,0,0,26.5,24.5,1001,61.1008,85.2876,0,0,13.66,27.41
"2021-07-13 08:19:00",676,0,0,0,26.5,24.5,1001,60.9127,85.4429,0,0,13.48,27.35
"2021-07-13 08:20:00",677,0,0,0,26.5,24.5,1001,60.7246,85.5984,0,0,13.48,27.33
"2021-07-13 08:21:00",678,0,0,0,26.6,24.5,1001,60.5365,85.7542,0,0,13.49,27.44
"2021-07-13 08:22:00",679,0,0,0,26.6,24.5,1001,60.3483,85.9102,0,0,13.6,27.28
"2021-07-13 08:23:00",680,0,0,0,26.6,24.5,1001,60.1601,86.0664,0,0,13.49,27.37
"2021-07-13 08:24:00",681,0,0,0,26.6,24.5,1001,59.9718,86.2228,0,0,13.65,27.47
"2021-07-13 08:25:00",682,0,0,0,26.6,24.5,1001,59.7835,86.3795,0,0,13.65,27.48
"2021-07-13 08:26:00",683,0,0,0,26.6,24.5,1001,59.5952,86.5365,0,0,13.53,27.5
"2021-07-13 08:27:00",684,0,0,0,26.6,24.5,1001,59.4068,86.6937,0,0,13.66,27.31
"2021-07-13 08:28:00",685,0,0,0,26.6,24.5,1001,59.2184,86.8511,0,0,13.61,27.46
"2021-07-13 08:29:00",686,0,0,0,26.6,24.5,1001,59.03,87.0088,0,0,13.66,27.32
"2021-07-13 08:30:00",687,0,0,0,26.6,24.6,1001,58.8416,87.1668,0,0,13.69,27.4
"2021-07-13 08:31:00",688,0,0,0,26.6,24.6,1001,58.6531,87.3251,0,0,13.63,27.44
"2021-07-13 08:32:00",689,0,0,0,26.6,24.6,1001,58.4646,87.4836,0,0,13.51,27.57
"2021-07-13 08:33:00",690,0,0,0,26.6,24.6,1001,58.276,87.6425,0,0,13.53,27.41
"2021-07-13 08:34:00",691,0,0,0,26.6,24.6,1001,58.0875,87.8016,0,0,13.57,27.58
"2021-07-13 08:35:00",692,0,0,0,26.6,24.6,1001,57.8989,87.961,0,0,13.48,27.4
"2021-07-13 08:36:00",693,0,0,0,26.6,24.6,1001,57.7103,88.1207,0,0,13.65,27.6
"2021-07-13 08:37:00",694,0,0,0,26.6,24.6,1001,57.5217,88.2807,0,0,13.66,27.52
"2021-07-13 08:38:00",695,0,0,0,26.6,24.6,1001,57.3331,88.441,0,0,13.61,27.64
"2021-07-13 08:39:00",696,0,0,0,26.6,24.6,1001,57.1444,88.6016,0,0,13.62,27.51
"2021-07-13 08:40:00",697,0,0,0,26.6,24.6,1001,56.9557,88.7626,0,0,13.67,27.44
"2021-07-13 08:41:00",698,0,0,0,26.7,24.6,1001,56.7671,88.9239,0,0,13.66,27.63
"2021-07-13 08:42:00",699,0,0,0,26.7,24.6,1001,56.5784,89.0855,0,0,13.61,27.56
"2021-07-13 08:43:00",700,0,0,0,26.7,24.6,1001,56.3897,89.2474,0,0,13.58,27.45
"2021-07-13 08:44:00",701,0,0,0,26.7,24.6,1001,56.201,89.4097,0,0,13.49,27.57
"2021-07-13 08:45:00",702,0,0,0,26.7,24.6,1001,56.0122,89.5724,0,0,13.62,27.67
"2021-07-13 08:46:00",703,0,0,0,26.7,24.6,1001,55.8235,89.7354,0,0,13.57,27.59
"2021-07-13 08:47:00",704,0,0,0,26.7,24.7,1001,55.6348,89.8987,0,0,13.66,27.57
"2021-07-13 08:48:00",705,0,0,0,26.7,24.7,1001,55.4461,90.0624,0,0,13.66,27.6
"2021-07-13 08:49:00",706,0.3,0,0.3,26.7,24.7,1001,55.2573,90.2265,0,0,13.5,27.68
"2021-07-13 08:50:00",707,1,0,1,26.7,24.7,1001,55.0686,90.391,0,0,13.68,27.56
